{"cameraMode":{"drawMode":0,"name":"Shaded","section":"Shading Mode"},"sceneLighting":false,"audioPlay":false,"sceneViewState":{"showFog":true,"showMaterialUpdate":false,"showSkybox":true,"showFlares":true,"showImageEffects":true,"showParticleSystems":true,"showVisualEffectGraphs":true,"m_FxEnabled":true},"in2DMode":false,"pivot":{"x":-0.36290526390075686,"y":0.447015643119812,"z":-0.04388263821601868},"rotation":{"x":-0.15202267467975617,"y":0.7413999438285828,"z":-0.17932023108005525,"w":-0.6285386681556702},"size":1.1018471717834473,"orthographic":false}