{"cameraMode":{"drawMode":0,"name":"Shaded","section":"Shading Mode"},"sceneLighting":true,"audioPlay":false,"sceneViewState":{"showFog":true,"showMaterialUpdate":false,"showSkybox":true,"showFlares":true,"showImageEffects":true,"showParticleSystems":true,"showVisualEffectGraphs":true,"m_FxEnabled":true},"in2DMode":false,"pivot":{"x":-0.2800849974155426,"y":-0.4579298496246338,"z":4.274951934814453},"rotation":{"x":-0.11256951093673706,"y":0.005063693039119244,"z":-0.0005734032019972801,"w":-0.993634045124054},"size":4.027052879333496,"orthographic":false}