{"cameraMode":{"drawMode":0,"name":"Shaded","section":"Shading Mode"},"sceneLighting":true,"audioPlay":false,"sceneViewState":{"showFog":true,"showMaterialUpdate":false,"showSkybox":true,"showFlares":true,"showImageEffects":true,"showParticleSystems":true,"showVisualEffectGraphs":true,"m_FxEnabled":true},"in2DMode":false,"pivot":{"x":-0.46872103214263918,"y":0.8007152080535889,"z":-1.602998971939087},"rotation":{"x":-0.1493699997663498,"y":-0.15446440875530244,"z":0.02363208495080471,"w":-0.9763597846031189},"size":1.5063070058822632,"orthographic":false}