{"cameraMode":{"drawMode":0,"name":"Shaded","section":"Shading Mode"},"sceneLighting":false,"audioPlay":false,"sceneViewState":{"showFog":true,"showMaterialUpdate":false,"showSkybox":true,"showFlares":true,"showImageEffects":true,"showParticleSystems":true,"showVisualEffectGraphs":true,"m_FxEnabled":true},"in2DMode":false,"pivot":{"x":-0.25585198402404787,"y":0.25154292583465578,"z":0.27327030897140505},"rotation":{"x":-0.19781328737735749,"y":0.500764012336731,"z":-0.11873586475849152,"w":-0.8342726826667786},"size":3.1270534992218019,"orthographic":false}