{"cameraMode":{"drawMode":0,"name":"Shaded","section":"Shading Mode"},"sceneLighting":true,"audioPlay":false,"sceneViewState":{"showFog":true,"showMaterialUpdate":false,"showSkybox":true,"showFlares":true,"showImageEffects":true,"showParticleSystems":true,"showVisualEffectGraphs":true,"m_FxEnabled":true},"in2DMode":false,"pivot":{"x":1.4176225662231446,"y":-1.4079523086547852,"z":0.6136336326599121},"rotation":{"x":-0.32756224274635317,"y":-0.18761664628982545,"z":0.06653951853513718,"w":-0.9236254096031189},"size":3.306307077407837,"orthographic":false}