{"cameraMode":{"drawMode":0,"name":"Shaded","section":"Shading Mode"},"sceneLighting":false,"audioPlay":false,"sceneViewState":{"showFog":true,"showMaterialUpdate":false,"showSkybox":true,"showFlares":true,"showImageEffects":true,"showParticleSystems":true,"showVisualEffectGraphs":true,"m_FxEnabled":true},"in2DMode":false,"pivot":{"x":-0.39386439323425295,"y":1.089585304260254,"z":0.42801666259765627},"rotation":{"x":-0.015302449464797974,"y":0.4137166738510132,"z":-0.006954928394407034,"w":-0.9102513790130615},"size":1.3270537853240967,"orthographic":false}